./lfw/Joseph_Biden/Joseph_Biden_0001.jpg
./lfw/Nicolas_Massu/Nicolas_Massu_0001.jpg
./lfw/Martin_Sheen/Martin_Sheen_0002.jpg
./lfw/Ken_Watanabe/Ken_Watanabe_0002.jpg
./lfw/James_Brosnahan/James_Brosnahan_0001.jpg
./lfw/Spencer_Abraham/Spencer_Abraham_0013.jpg
./lfw/Tom_Daschle/Tom_Daschle_0016.jpg
./lfw/Venus_Williams/Venus_Williams_0008.jpg
./lfw/Jim_Carrey/Jim_Carrey_0003.jpg
./lfw/Tatiana_Panova/Tatiana_Panova_0001.jpg
./lfw/Glafcos_Clerides/Glafcos_Clerides_0003.jpg
./lfw/Rosie_Perez/Rosie_Perez_0001.jpg
./lfw/Rosemarie_Stack/Rosemarie_Stack_0001.jpg
./lfw/Marie_Haghal/Marie_Haghal_0001.jpg
./lfw/Jamie_Carey/Jamie_Carey_0001.jpg
./lfw/Wayne_Gretzky/Wayne_Gretzky_0001.jpg
./lfw/Cathy_Cunningham/Cathy_Cunningham_0001.jpg
./lfw/John_Negroponte/John_Negroponte_0028.jpg
./lfw/Alex_King/Alex_King_0001.jpg
./lfw/Jacques_Chirac/Jacques_Chirac_0007.jpg
./lfw/Garry_Kasparov/Garry_Kasparov_0002.jpg
./lfw/Gerhard_Schroeder/Gerhard_Schroeder_0053.jpg
./lfw/Jean-Pierre_Raffarin/Jean-Pierre_Raffarin_0005.jpg
./lfw/Jose_Maria_Aznar/Jose_Maria_Aznar_0003.jpg
./lfw/Roh_Moo-hyun/Roh_Moo-hyun_0010.jpg
./lfw/Roh_Moo-hyun/Roh_Moo-hyun_0001.jpg
./lfw/Jimmy_Szymanski/Jimmy_Szymanski_0001.jpg
./lfw/Vladimir_Putin/Vladimir_Putin_0005.jpg
./lfw/Vladimir_Putin/Vladimir_Putin_0037.jpg
./lfw/Julie_Gerberding/Julie_Gerberding_0008.jpg
./lfw/Tony_Blair/Tony_Blair_0081.jpg
./lfw/Ernie_Eves/Ernie_Eves_0002.jpg
./lfw/Tzipora_Obziler/Tzipora_Obziler_0001.jpg
./lfw/John_Howard/John_Howard_0008.jpg
./lfw/Lee_Soo-hyuck/Lee_Soo-hyuck_0002.jpg
./lfw/Fernando_Vargas/Fernando_Vargas_0001.jpg
./lfw/Jean_Charest/Jean_Charest_0016.jpg
./lfw/Joe_Lieberman/Joe_Lieberman_0012.jpg
./lfw/Tamara_Mowry/Tamara_Mowry_0001.jpg
./lfw/Na_Na_Keum/Na_Na_Keum_0001.jpg
./lfw/Luiz_Inacio_Lula_da_Silva/Luiz_Inacio_Lula_da_Silva_0021.jpg
./lfw/Leonardo_DiCaprio/Leonardo_DiCaprio_0004.jpg
./lfw/David_Caruso/David_Caruso_0001.jpg
./lfw/Bob_Crippen/Bob_Crippen_0001.jpg
./lfw/Paradorn_Srichaphan/Paradorn_Srichaphan_0007.jpg
./lfw/Lars_Von_Trier/Lars_Von_Trier_0001.jpg
./lfw/Oscar_DLeon/Oscar_DLeon_0001.jpg
./lfw/Carlos_Menem/Carlos_Menem_0014.jpg
./lfw/Alexandra_Spann/Alexandra_Spann_0001.jpg
./lfw/Christine_Baumgartner/Christine_Baumgartner_0002.jpg
./lfw/Edward_Egan/Edward_Egan_0001.jpg
./lfw/Dennis_Kucinich/Dennis_Kucinich_0001.jpg
./lfw/Mohamed_ElBaradei/Mohamed_ElBaradei_0007.jpg
./lfw/Donald_Rumsfeld/Donald_Rumsfeld_0080.jpg
./lfw/Arnold_Schwarzenegger/Arnold_Schwarzenegger_0041.jpg
./lfw/Arnold_Schwarzenegger/Arnold_Schwarzenegger_0010.jpg
./lfw/Sylvester_Stallone/Sylvester_Stallone_0002.jpg
./lfw/James_Kirtley/James_Kirtley_0001.jpg
./lfw/Sila_Calderon/Sila_Calderon_0002.jpg
./lfw/Alec_Baldwin/Alec_Baldwin_0003.jpg
./lfw/Ashraf_Alasmar/Ashraf_Alasmar_0001.jpg
./lfw/Coretta_Scott_King/Coretta_Scott_King_0002.jpg
./lfw/Jack_Nicholson/Jack_Nicholson_0003.jpg
./lfw/Bettina_Rheims/Bettina_Rheims_0001.jpg
./lfw/Sepp_Blatter/Sepp_Blatter_0002.jpg
./lfw/Evo_Morales/Evo_Morales_0001.jpg
./lfw/Arminio_Fraga/Arminio_Fraga_0004.jpg
./lfw/Oprah_Winfrey/Oprah_Winfrey_0001.jpg
./lfw/Colin_Powell/Colin_Powell_0155.jpg
./lfw/Colin_Powell/Colin_Powell_0126.jpg
./lfw/Colin_Powell/Colin_Powell_0125.jpg
./lfw/Dorothy_Wilson/Dorothy_Wilson_0001.jpg
./lfw/Ernie_Grunfeld/Ernie_Grunfeld_0001.jpg
./lfw/Alfredo_di_Stefano/Alfredo_di_Stefano_0001.jpg
./lfw/Stefaan_Declerk/Stefaan_Declerk_0001.jpg
./lfw/Amelia_Vega/Amelia_Vega_0006.jpg
./lfw/Julianna_Margulies/Julianna_Margulies_0002.jpg
./lfw/Bill_Simon/Bill_Simon_0005.jpg
./lfw/Michelle_Kwan/Michelle_Kwan_0006.jpg
./lfw/Don_Siegelman/Don_Siegelman_0003.jpg
./lfw/Sheila_Fraser/Sheila_Fraser_0001.jpg
./lfw/Chin-Hui_Tsao/Chin-Hui_Tsao_0001.jpg
./lfw/Joan_Laporta/Joan_Laporta_0004.jpg
./lfw/Jose_Lopez_Beltran/Jose_Lopez_Beltran_0001.jpg
./lfw/Roberta_Combs/Roberta_Combs_0001.jpg
./lfw/Lionel_Chalmers/Lionel_Chalmers_0001.jpg
./lfw/Skip_Prosser/Skip_Prosser_0001.jpg
./lfw/John_Allen_Muhammad/John_Allen_Muhammad_0005.jpg
./lfw/William_Genego/William_Genego_0001.jpg
./lfw/Kalpana_Chawla/Kalpana_Chawla_0001.jpg
./lfw/Robert_Redford/Robert_Redford_0006.jpg
./lfw/Charles_Grassley/Charles_Grassley_0002.jpg
./lfw/Jean_Carnahan/Jean_Carnahan_0002.jpg
./lfw/Frank_Cassell/Frank_Cassell_0001.jpg
./lfw/Joschka_Fischer/Joschka_Fischer_0010.jpg
./lfw/Tiger_Woods/Tiger_Woods_0001.jpg
./lfw/Goldie_Hawn/Goldie_Hawn_0007.jpg
./lfw/Tim_Allen/Tim_Allen_0002.jpg
./lfw/Hal_Gehman/Hal_Gehman_0001.jpg
./lfw/Dean_Barkley/Dean_Barkley_0003.jpg
